,Serial Number,State_RTC,Route Link,Route Name,Boarding_point,Destination
0,1,APSRTC,https://www.redbus.in/bus-tickets/vijayawada-to-hyderabad,Vijayawada to Hyderabad,Vijayawada,Hyderabad
1,2,APSRTC,https://www.redbus.in/bus-tickets/hyderabad-to-vijayawada,Hyderabad to Vijayawada,Hyderabad,Vijayawada
2,3,APSRTC,https://www.redbus.in/bus-tickets/kakinada-to-visakhapatnam,Kakinada to Visakhapatnam,Kakinada,Visakhapatnam
3,4,APSRTC,https://www.redbus.in/bus-tickets/visakhapatnam-to-kakinada,Visakhapatnam to Kakinada,Visakhapatnam,Kakinada
4,5,APSRTC,https://www.redbus.in/bus-tickets/chittoor-andhra-pradesh-to-bangalore,Chittoor (Andhra Pradesh) to Bangalore,Chittoor (Andhra Pradesh),Bangalore
5,6,APSRTC,https://www.redbus.in/bus-tickets/kadapa-to-bangalore,Kadapa to Bangalore,Kadapa,Bangalore
6,7,APSRTC,https://www.redbus.in/bus-tickets/ananthapur-to-bangalore,Anantapur (andhra pradesh) to Bangalore,Anantapur (andhra pradesh),Bangalore
7,8,APSRTC,https://www.redbus.in/bus-tickets/tirupathi-to-bangalore,Tirupati to Bangalore,Tirupati,Bangalore
8,9,APSRTC,https://www.redbus.in/bus-tickets/visakhapatnam-to-vijayawada,Visakhapatnam to Vijayawada,Visakhapatnam,Vijayawada
9,10,APSRTC,https://www.redbus.in/bus-tickets/ongole-to-hyderabad,Ongole to Hyderabad,Ongole,Hyderabad
10,11,APSRTC,https://www.redbus.in/bus-tickets/bangalore-to-tirupathi,Bangalore to Tirupati,Bangalore,Tirupati
11,12,APSRTC,https://www.redbus.in/bus-tickets/macherla-to-hyderabad,Macherla (andhra pradesh) to Hyderabad,Macherla (andhra pradesh),Hyderabad
12,13,APSRTC,https://www.redbus.in/bus-tickets/rajahmundry-to-visakhapatnam,Rajahmundry to Visakhapatnam,Rajahmundry,Visakhapatnam
13,14,APSRTC,https://www.redbus.in/bus-tickets/nandyala-to-hyderabad,Nandyal to Hyderabad,Nandyal,Hyderabad
14,15,APSRTC,https://www.redbus.in/bus-tickets/bangalore-to-kadapa,Bangalore to Kadapa,Bangalore,Kadapa
15,16,APSRTC,https://www.redbus.in/bus-tickets/hyderabad-to-ongole,Hyderabad to Ongole,Hyderabad,Ongole
16,17,APSRTC,https://www.redbus.in/bus-tickets/guntur-to-hyderabad,Guntur (Andhra Pradesh) to Hyderabad,Guntur (Andhra Pradesh),Hyderabad
17,18,APSRTC,https://www.redbus.in/bus-tickets/vijayawada-to-visakhapatnam,Vijayawada to Visakhapatnam,Vijayawada,Visakhapatnam
18,19,APSRTC,https://www.redbus.in/bus-tickets/rajahmundry-to-vijayawada,Rajahmundry to Vijayawada,Rajahmundry,Vijayawada
19,20,APSRTC,https://www.redbus.in/bus-tickets/hyderabad-to-kurnool,Hyderabad to Kurnool,Hyderabad,Kurnool
20,21,APSRTC,https://www.redbus.in/bus-tickets/bangalore-to-chittoor-andhra-pradesh,Bangalore to Chittoor (Andhra Pradesh),Bangalore,Chittoor (Andhra Pradesh)
21,22,APSRTC,https://www.redbus.in/bus-tickets/kurnool-to-hyderabad,Kurnool to Hyderabad,Kurnool,Hyderabad
22,23,APSRTC,https://www.redbus.in/bus-tickets/visakhapatnam-to-rajahmundry,Visakhapatnam to Rajahmundry,Visakhapatnam,Rajahmundry
23,24,APSRTC,https://www.redbus.in/bus-tickets/rayachoti-to-bangalore,Rayachoti to Bangalore,Rayachoti,Bangalore
24,25,APSRTC,https://www.redbus.in/bus-tickets/vinukonda-to-hyderabad,Vinukonda to Hyderabad,Vinukonda,Hyderabad
25,26,APSRTC,https://www.redbus.in/bus-tickets/bangalore-to-ananthapur,Bangalore to Anantapur (andhra pradesh),Bangalore,Anantapur (andhra pradesh)
26,27,APSRTC,https://www.redbus.in/bus-tickets/amalapuram-to-visakhapatnam,Amalapuram to Visakhapatnam,Amalapuram,Visakhapatnam
27,28,APSRTC,https://www.redbus.in/bus-tickets/vijayawada-to-tirupathi,Vijayawada to Tirupati,Vijayawada,Tirupati
28,29,APSRTC,https://www.redbus.in/bus-tickets/madanapalli-to-bangalore,Madanapalli to Bangalore,Madanapalli,Bangalore
29,30,APSRTC,https://www.redbus.in/bus-tickets/narsaraopet-to-hyderabad,Narasaraopet to Hyderabad,Narasaraopet,Hyderabad
30,31,APSRTC,https://www.redbus.in/bus-tickets/eluru-to-hyderabad,Eluru to Hyderabad,Eluru,Hyderabad
31,32,APSRTC,https://www.redbus.in/bus-tickets/visakhapatnam-to-amalapuram,Visakhapatnam to Amalapuram,Visakhapatnam,Amalapuram
32,33,APSRTC,https://www.redbus.in/bus-tickets/kadiri-to-bangalore,Kadiri to Bangalore,Kadiri,Bangalore
33,34,APSRTC,https://www.redbus.in/bus-tickets/chennai-to-tirupathi,Chennai to Tirupati,Chennai,Tirupati
34,35,APSRTC,https://www.redbus.in/bus-tickets/rajahmundry-to-hyderabad,Rajahmundry to Hyderabad,Rajahmundry,Hyderabad
35,36,APSRTC,https://www.redbus.in/bus-tickets/kurnool-to-vijayawada,Kurnool to Vijayawada,Kurnool,Vijayawada
36,37,APSRTC,https://www.redbus.in/bus-tickets/vijayawada-to-kurnool,Vijayawada to Kurnool,Vijayawada,Kurnool
37,38,APSRTC,https://www.redbus.in/bus-tickets/kakinada-to-vijayawada,Kakinada to Vijayawada,Kakinada,Vijayawada
38,39,APSRTC,https://www.redbus.in/bus-tickets/bangalore-to-madanapalli,Bangalore to Madanapalli,Bangalore,Madanapalli
39,40,APSRTC,https://www.redbus.in/bus-tickets/nellore-to-bangalore,Nellore to Bangalore,Nellore,Bangalore
40,41,APSRTC,https://www.redbus.in/bus-tickets/hyderabad-to-narsaraopet,Hyderabad to Narasaraopet,Hyderabad,Narasaraopet
41,42,APSRTC,https://www.redbus.in/bus-tickets/hyderabad-to-guntur,Hyderabad to Guntur (Andhra Pradesh),Hyderabad,Guntur (Andhra Pradesh)
42,43,APSRTC,https://www.redbus.in/bus-tickets/bangalore-to-kadiri,Bangalore to Kadiri,Bangalore,Kadiri
43,44,APSRTC,https://www.redbus.in/bus-tickets/vijayawada-to-rajahmundry,Vijayawada to Rajahmundry,Vijayawada,Rajahmundry
44,45,APSRTC,https://www.redbus.in/bus-tickets/bangalore-to-rayachoti,Bangalore to Rayachoti,Bangalore,Rayachoti
45,46,APSRTC,https://www.redbus.in/bus-tickets/kurnool-to-bangalore,Kurnool to Bangalore,Kurnool,Bangalore
46,47,APSRTC,https://www.redbus.in/bus-tickets/tirupathi-to-chennai,Tirupati to Chennai,Tirupati,Chennai
47,48,APSRTC,https://www.redbus.in/bus-tickets/hyderabad-to-ananthapur,Hyderabad to Anantapur (andhra pradesh),Hyderabad,Anantapur (andhra pradesh)
48,49,APSRTC,https://www.redbus.in/bus-tickets/ananthapur-to-hyderabad,Anantapur (andhra pradesh) to Hyderabad,Anantapur (andhra pradesh),Hyderabad
49,50,TSRTC,https://www.redbus.in/bus-tickets/khammam-to-hyderabad,Khammam to Hyderabad,Khammam,Hyderabad
50,51,APSRTC,https://www.redbus.in/bus-tickets/hyderabad-to-vijayawada,Hyderabad to Vijayawada,Hyderabad,Vijayawada
51,52,TSRTC,https://www.redbus.in/bus-tickets/hyderabad-to-khammam,Hyderabad to Khammam,Hyderabad,Khammam
52,53,TSRTC,https://www.redbus.in/bus-tickets/hyderabad-to-srisailam,Hyderabad to Srisailam,Hyderabad,Srisailam
53,54,TSRTC,https://www.redbus.in/bus-tickets/karimnagar-to-hyderabad,Karimnagar to Hyderabad,Karimnagar,Hyderabad
54,55,TSRTC,https://www.redbus.in/bus-tickets/hyderabad-to-nirmal,Hyderabad to Nirmal,Hyderabad,Nirmal
55,56,TSRTC,https://www.redbus.in/bus-tickets/hyderabad-to-mancherial,Hyderabad to Mancherial,Hyderabad,Mancherial
56,57,TSRTC,https://www.redbus.in/bus-tickets/hyderabad-to-adilabad,Hyderabad to Adilabad,Hyderabad,Adilabad
57,58,TSRTC,https://www.redbus.in/bus-tickets/hyderabad-to-karimnagar,Hyderabad to Karimnagar,Hyderabad,Karimnagar
58,59,TSRTC,https://www.redbus.in/bus-tickets/kothagudem-to-hyderabad,Kothagudem to Hyderabad,Kothagudem,Hyderabad
59,60,APSRTC,https://www.redbus.in/bus-tickets/guntur-to-hyderabad,Guntur (Andhra Pradesh) to Hyderabad,Guntur (Andhra Pradesh),Hyderabad
60,61,TSRTC,https://www.redbus.in/bus-tickets/godavarikhani-to-hyderabad,Godavarikhani to Hyderabad,Godavarikhani,Hyderabad
61,62,TSRTC,https://www.redbus.in/bus-tickets/kodad-to-hyderabad,Kodad to Hyderabad,Kodad,Hyderabad
62,63,TSRTC,https://www.redbus.in/bus-tickets/hyderabad-to-bhadrachalam,Hyderabad to Bhadrachalam,Hyderabad,Bhadrachalam
63,64,TSRTC,https://www.redbus.in/bus-tickets/hyderabad-to-kothagudem,Hyderabad to Kothagudem,Hyderabad,Kothagudem
64,65,TSRTC,https://www.redbus.in/bus-tickets/jagityal-to-hyderabad,Jagityal to Hyderabad,Jagityal,Hyderabad
65,66,APSRTC,https://www.redbus.in/bus-tickets/hyderabad-to-kurnool,Hyderabad to Kurnool,Hyderabad,Kurnool
66,67,TSRTC,https://www.redbus.in/bus-tickets/hyderabad-to-sathupalli,Hyderabad to Sathupally,Hyderabad,Sathupally
67,68,TSRTC,https://www.redbus.in/bus-tickets/hyderabad-to-armoor,Hyderabad to Armoor,Hyderabad,Armoor
68,69,TSRTC,https://www.redbus.in/bus-tickets/hyderabad-to-godavarikhani,Hyderabad to Godavarikhani,Hyderabad,Godavarikhani
69,70,APSRTC,https://www.redbus.in/bus-tickets/hyderabad-to-ananthapur,Hyderabad to Anantapur (andhra pradesh),Hyderabad,Anantapur (andhra pradesh)
70,71,TSRTC,https://www.redbus.in/bus-tickets/hyderabad-to-warangal,Hyderabad to Warangal,Hyderabad,Warangal
71,72,APSRTC,https://www.redbus.in/bus-tickets/hyderabad-to-ongole,Hyderabad to Ongole,Hyderabad,Ongole
72,73,APSRTC,https://www.redbus.in/bus-tickets/hyderabad-to-guntur,Hyderabad to Guntur (Andhra Pradesh),Hyderabad,Guntur (Andhra Pradesh)
73,74,TSRTC,https://www.redbus.in/bus-tickets/kadapa-to-hyderabad,Kadapa to Hyderabad,Kadapa,Hyderabad
74,75,TSRTC,https://www.redbus.in/bus-tickets/hyderabad-to-tirupathi,Hyderabad to Tirupati,Hyderabad,Tirupati
75,76,KERALA RTC,https://www.redbus.in/bus-tickets/bangalore-to-kozhikode,Bangalore to Kozhikode,Bangalore,Kozhikode
76,77,KERALA RTC,https://www.redbus.in/bus-tickets/kozhikode-to-ernakulam,Kozhikode to Ernakulam,Kozhikode,Ernakulam
77,78,KERALA RTC,https://www.redbus.in/bus-tickets/kozhikode-to-bangalore,Kozhikode to Bangalore,Kozhikode,Bangalore
78,79,KERALA RTC,https://www.redbus.in/bus-tickets/ernakulam-to-kozhikode,Ernakulam to Kozhikode,Ernakulam,Kozhikode
79,80,KERALA RTC,https://www.redbus.in/bus-tickets/kozhikode-to-mysore,Kozhikode to Mysore,Kozhikode,Mysore
80,81,KERALA RTC,https://www.redbus.in/bus-tickets/kozhikode-to-thiruvananthapuram,Kozhikode to Thiruvananthapuram,Kozhikode,Thiruvananthapuram
81,82,KERALA RTC,https://www.redbus.in/bus-tickets/bangalore-to-kalpetta,Bangalore to Kalpetta (kerala),Bangalore,Kalpetta (kerala)
82,83,KERALA RTC,https://www.redbus.in/bus-tickets/mysore-to-kozhikode,Mysore to Kozhikode,Mysore,Kozhikode
83,84,KERALA RTC,https://www.redbus.in/bus-tickets/kalpetta-to-bangalore,Kalpetta (kerala) to Bangalore,Kalpetta (kerala),Bangalore
84,85,KERALA RTC,https://www.redbus.in/bus-tickets/kozhikode-to-thrissur,Kozhikode to Thrissur,Kozhikode,Thrissur
85,86,KERALA RTC,https://www.redbus.in/bus-tickets/thiruvananthapuram-to-kozhikode,Thiruvananthapuram to Kozhikode,Thiruvananthapuram,Kozhikode
86,87,KERALA RTC,https://www.redbus.in/bus-tickets/bangalore-to-kannur,Bangalore to Kannur,Bangalore,Kannur
87,88,KERALA RTC,https://www.redbus.in/bus-tickets/kozhikode-to-kottayam,Kozhikode to Kottayam,Kozhikode,Kottayam
88,89,KERALA RTC,https://www.redbus.in/bus-tickets/kannur-to-bangalore,Kannur to Bangalore,Kannur,Bangalore
89,90,KERALA RTC,https://www.redbus.in/bus-tickets/kottayam-to-kozhikode,Kottayam to Kozhikode,Kottayam,Kozhikode
90,91,KERALA RTC,https://www.redbus.in/bus-tickets/thrissur-to-kozhikode,Thrissur to Kozhikode,Thrissur,Kozhikode
91,92,KERALA RTC,https://www.redbus.in/bus-tickets/kozhikode-to-kalpetta,Kozhikode to Kalpetta (kerala),Kozhikode,Kalpetta (kerala)
92,93,KERALA RTC,https://www.redbus.in/bus-tickets/coimbatore-to-ooty,Coimbatore to Ooty,Coimbatore,Ooty
93,94,KERALA RTC,https://www.redbus.in/bus-tickets/kalpetta-to-kozhikode,Kalpetta (kerala) to Kozhikode,Kalpetta (kerala),Kozhikode
94,95,SBSTC,https://www.redbus.in/bus-tickets/burdwan-to-kolkata,Burdwan to Kolkata,Burdwan,Kolkata
95,96,SBSTC,https://www.redbus.in/bus-tickets/kolkata-to-burdwan,Kolkata to Burdwan,Kolkata,Burdwan
96,97,SBSTC,https://www.redbus.in/bus-tickets/durgapur-to-kolkata,Durgapur (West Bengal) to Kolkata,Durgapur (West Bengal),Kolkata
97,98,SBSTC,https://www.redbus.in/bus-tickets/kolkata-to-haldia,Kolkata to Haldia,Kolkata,Haldia
98,99,SBSTC,https://www.redbus.in/bus-tickets/haldia-to-kolkata,Haldia to Kolkata,Haldia,Kolkata
99,100,SBSTC,https://www.redbus.in/bus-tickets/kolkata-to-durgapur,Kolkata to Durgapur (West Bengal),Kolkata,Durgapur (West Bengal)
100,101,SBSTC,https://www.redbus.in/bus-tickets/kolkata-to-arambagh-west-bengal,Kolkata to Arambagh (West Bengal),Kolkata,Arambagh (West Bengal)
101,102,SBSTC,https://www.redbus.in/bus-tickets/digha-to-kolkata,Digha to Kolkata,Digha,Kolkata
102,103,SBSTC,https://www.redbus.in/bus-tickets/kolkata-to-digha,Kolkata to Digha,Kolkata,Digha
103,104,SBSTC,https://www.redbus.in/bus-tickets/kolkata-to-bankura,Kolkata to Bankura,Kolkata,Bankura
104,105,SBSTC,https://www.redbus.in/bus-tickets/asansol-to-kolkata,Asansol (West Bengal) to Kolkata,Asansol (West Bengal),Kolkata
105,106,SBSTC,https://www.redbus.in/bus-tickets/midnapore-to-kolkata,Midnapore to Kolkata,Midnapore,Kolkata
106,107,SBSTC,https://www.redbus.in/bus-tickets/kolkata-to-asansol,Kolkata to Asansol (West Bengal),Kolkata,Asansol (West Bengal)
107,108,SBSTC,https://www.redbus.in/bus-tickets/kolkata-to-siliguri,Kolkata to Siliguri,Kolkata,Siliguri
108,109,SBSTC,https://www.redbus.in/bus-tickets/kolkata-to-nimtouri,Kolkata to Nimtouri,Kolkata,Nimtouri
109,110,SBSTC,https://www.redbus.in/bus-tickets/siliguri-to-kolkata,Siliguri to Kolkata,Siliguri,Kolkata
110,111,SBSTC,https://www.redbus.in/bus-tickets/kolkata-to-contai-kanthi,Kolkata to Contai (Kanthi),Kolkata,Contai (Kanthi)
111,112,SBSTC,https://www.redbus.in/bus-tickets/digha-to-durgapur,Digha to Durgapur (West Bengal),Digha,Durgapur (West Bengal)
112,113,SBSTC,https://www.redbus.in/bus-tickets/kolkata-to-midnapore,Kolkata to Midnapore,Kolkata,Midnapore
113,114,SBSTC,https://www.redbus.in/bus-tickets/kolkata-to-nandakumar,Kolkata to Nandakumar (west bengal),Kolkata,Nandakumar (west bengal)
114,115,SBSTC,https://www.redbus.in/bus-tickets/kolkata-to-mecheda-west-bengal,Kolkata to Mecheda (West Bengal),Kolkata,Mecheda (West Bengal)
115,116,SBSTC,https://www.redbus.in/bus-tickets/durgapur-to-digha,Durgapur (West Bengal) to Digha,Durgapur (West Bengal),Digha
116,117,SBSTC,https://www.redbus.in/bus-tickets/kolkata-to-kolaghat,Kolkata to Kolaghat,Kolkata,Kolaghat
117,118,SBSTC,https://www.redbus.in/bus-tickets/jhargram-to-kolkata,Jhargram to Kolkata,Jhargram,Kolkata
118,119,SBSTC,https://www.redbus.in/bus-tickets/digha-to-barasat-west-bengal,Digha to Barasat (West Bengal),Digha,Barasat (West Bengal)
119,120,SBSTC,https://www.redbus.in/bus-tickets/durgapur-to-siliguri,Durgapur (West Bengal) to Siliguri,Durgapur (West Bengal),Siliguri
120,121,SBSTC,https://www.redbus.in/bus-tickets/midnapore-to-barasat-west-bengal,Midnapore to Barasat (West Bengal),Midnapore,Barasat (West Bengal)
121,122,SBSTC,https://www.redbus.in/bus-tickets/kolkata-to-heria,Kolkata to Heria,Kolkata,Heria
122,123,SBSTC,https://www.redbus.in/bus-tickets/kolkata-to-chandipur-west-bengal,Kolkata to Chandipur (West Bengal),Kolkata,Chandipur (West Bengal)
123,124,SBSTC,https://www.redbus.in/bus-tickets/siliguri-to-durgapur,Siliguri to Durgapur (West Bengal),Siliguri,Durgapur (West Bengal)
124,125,SBSTC,https://www.redbus.in/bus-tickets/berhampore-to-durgapur,Berhampore (West Bengal) to Durgapur (West Bengal),Berhampore (West Bengal),Durgapur (West Bengal)
125,126,SBSTC,https://www.redbus.in/bus-tickets/berhampore-to-suri,Berhampore (West Bengal) to Suri,Berhampore (West Bengal),Suri
126,127,SBSTC,https://www.redbus.in/bus-tickets/barasat-west-bengal-to-digha,Barasat (West Bengal) to Digha,Barasat (West Bengal),Digha
127,128,SBSTC,https://www.redbus.in/bus-tickets/kolkata-to-futishanko,Kolkata to Futishanko,Kolkata,Futishanko
128,129,SBSTC,https://www.redbus.in/bus-tickets/barasat-west-bengal-to-midnapore,Barasat (West Bengal) to Midnapore,Barasat (West Bengal),Midnapore
129,130,SBSTC,https://www.redbus.in/bus-tickets/durgapur-to-berhampore,Durgapur (West Bengal) to Berhampore (West Bengal),Durgapur (West Bengal),Berhampore (West Bengal)
130,131,SBSTC,https://www.redbus.in/bus-tickets/durgapur-to-malda,Durgapur (West Bengal) to Malda,Durgapur (West Bengal),Malda
131,132,SBSTC,https://www.redbus.in/bus-tickets/digha-to-asansol,Digha to Asansol (West Bengal),Digha,Asansol (West Bengal)
132,133,SBSTC,https://www.redbus.in/bus-tickets/kolkata-to-ramnagar-west-bengal,Kolkata to Ramnagar (West Bengal),Kolkata,Ramnagar (West Bengal)
133,134,SBSTC,https://www.redbus.in/bus-tickets/kolkata-to-bajkul-west-bengal,Kolkata to Bajkul (West Bengal),Kolkata,Bajkul (West Bengal)
134,135,SBSTC,https://www.redbus.in/bus-tickets/kolkata-to-kirnahar-west-bengal,Kolkata to Kirnahar (West Bengal),Kolkata,Kirnahar (West Bengal)
135,136,SBSTC,https://www.redbus.in/bus-tickets/durgapur-to-bankura,Durgapur (West Bengal) to Bankura,Durgapur (West Bengal),Bankura
136,137,SBSTC,https://www.redbus.in/bus-tickets/siliguri-to-malda,Siliguri to Malda,Siliguri,Malda
137,138,SBSTC,https://www.redbus.in/bus-tickets/kolkata-to-suri,Kolkata to Suri,Kolkata,Suri
138,139,SBSTC,https://www.redbus.in/bus-tickets/purulia-to-durgapur,Purulia to Durgapur (West Bengal),Purulia,Durgapur (West Bengal)
139,140,BSRTC,https://www.redbus.in/bus-tickets/patna-to-bettiah,Patna (Bihar) to Bettiah,Patna (Bihar),Bettiah
140,141,BSRTC,https://www.redbus.in/bus-tickets/gopalganj-to-delhi,Gopalganj (Bihar) to Delhi,Gopalganj (Bihar),Delhi
141,142,BSRTC,https://www.redbus.in/bus-tickets/patna-to-motihari,Patna (Bihar) to Motihari,Patna (Bihar),Motihari
142,143,BSRTC,https://www.redbus.in/bus-tickets/delhi-to-motihari,Delhi to Motihari,Delhi,Motihari
143,144,BSRTC,https://www.redbus.in/bus-tickets/bettiah-to-patna,Bettiah to Patna (Bihar),Bettiah,Patna (Bihar)
144,145,BSRTC,https://www.redbus.in/bus-tickets/motihari-to-delhi,Motihari to Delhi,Motihari,Delhi
145,146,BSRTC,https://www.redbus.in/bus-tickets/patna-to-balmiki-nagar-bihar,Patna (Bihar) to Balmiki Nagar (bihar),Patna (Bihar),Balmiki Nagar (bihar)
146,147,BSRTC,https://www.redbus.in/bus-tickets/balmiki-nagar-bihar-to-patna,Balmiki Nagar (bihar) to Patna (Bihar),Balmiki Nagar (bihar),Patna (Bihar)
147,148,BSRTC,https://www.redbus.in/bus-tickets/patna-to-kathmandu,Patna (Bihar) to Kathmandu,Patna (Bihar),Kathmandu
148,149,BSRTC,https://www.redbus.in/bus-tickets/patna-to-katihar,Patna (Bihar) to Katihar,Patna (Bihar),Katihar
149,150,BSRTC,https://www.redbus.in/bus-tickets/patna-to-purnea,Patna (Bihar) to Purnea,Patna (Bihar),Purnea
150,151,BSRTC,https://www.redbus.in/bus-tickets/patna-to-hazaribagh,Patna (Bihar) to Hazaribagh,Patna (Bihar),Hazaribagh
151,152,BSRTC,https://www.redbus.in/bus-tickets/ranchi-to-patna,Ranchi to Patna (Bihar),Ranchi,Patna (Bihar)
152,153,BSRTC,https://www.redbus.in/bus-tickets/hazaribagh-to-patna,Hazaribagh to Patna (Bihar),Hazaribagh,Patna (Bihar)
153,154,BSRTC,https://www.redbus.in/bus-tickets/patna-to-raxaul,Patna (Bihar) to Raxaul,Patna (Bihar),Raxaul
154,155,BSRTC,https://www.redbus.in/bus-tickets/muzaffarpur-to-kathmandu,Muzaffarpur (Bihar) to Kathmandu,Muzaffarpur (Bihar),Kathmandu
155,156,BSRTC,https://www.redbus.in/bus-tickets/patna-to-ranchi,Patna (Bihar) to Ranchi,Patna (Bihar),Ranchi
156,157,BSRTC,https://www.redbus.in/bus-tickets/muzaffarpur-to-ranchi,Muzaffarpur (Bihar) to Ranchi,Muzaffarpur (Bihar),Ranchi
157,158,BSRTC,https://www.redbus.in/bus-tickets/kathmandu-to-patna,Kathmandu to Patna (Bihar),Kathmandu,Patna (Bihar)
158,159,BSRTC,https://www.redbus.in/bus-tickets/ranchi-to-muzaffarpur,Ranchi to Muzaffarpur (Bihar),Ranchi,Muzaffarpur (Bihar)
159,160,BSRTC,https://www.redbus.in/bus-tickets/motihari-to-lucknow,Motihari to Lucknow,Motihari,Lucknow
160,161,BSRTC,https://www.redbus.in/bus-tickets/lucknow-to-motihari,Lucknow to Motihari,Lucknow,Motihari
161,162,BSRTC,https://www.redbus.in/bus-tickets/motihari-to-kathmandu,Motihari to Kathmandu,Motihari,Kathmandu
162,163,BSRTC,https://www.redbus.in/bus-tickets/agra-to-motihari,Agra to Motihari,Agra,Motihari
163,164,BSRTC,https://www.redbus.in/bus-tickets/patna-to-janakpur-nepal,Patna (Bihar) to Janakpur (Nepal),Patna (Bihar),Janakpur (Nepal)
164,165,BSRTC,https://www.redbus.in/bus-tickets/muzaffarpur-to-hazaribagh,Muzaffarpur (Bihar) to Hazaribagh,Muzaffarpur (Bihar),Hazaribagh
165,166,BSRTC,https://www.redbus.in/bus-tickets/purnea-to-patna,Purnea to Patna (Bihar),Purnea,Patna (Bihar)
166,167,BSRTC,https://www.redbus.in/bus-tickets/patna-to-araria,Patna (Bihar) to Araria (Bihar),Patna (Bihar),Araria (Bihar)
167,168,BSRTC,https://www.redbus.in/bus-tickets/darbhanga-to-patna,Darbhanga to Patna (Bihar),Darbhanga,Patna (Bihar)
168,169,BSRTC,https://www.redbus.in/bus-tickets/patna-to-saharsa,Patna (Bihar) to Saharsa,Patna (Bihar),Saharsa
169,170,BSRTC,https://www.redbus.in/bus-tickets/motihari-to-agra,Motihari to Agra,Motihari,Agra
170,171,BSRTC,https://www.redbus.in/bus-tickets/hajipur-to-kathmandu,Hajipur (Bihar) to Kathmandu,Hajipur (Bihar),Kathmandu
171,172,BSRTC,https://www.redbus.in/bus-tickets/kathmandu-to-motihari,Kathmandu to Motihari,Kathmandu,Motihari
172,173,BSRTC,https://www.redbus.in/bus-tickets/patna-to-forbesganj,Patna (Bihar) to Forbesganj,Patna (Bihar),Forbesganj
173,174,BSRTC,https://www.redbus.in/bus-tickets/ranchi-to-hajipur,Ranchi to Hajipur (Bihar),Ranchi,Hajipur (Bihar)
174,175,BSRTC,https://www.redbus.in/bus-tickets/lucknow-to-gopalganj,Lucknow to Gopalganj (Bihar),Lucknow,Gopalganj (Bihar)
175,176,HRTC,https://www.redbus.in/bus-tickets/delhi-to-shimla,Delhi to Shimla,Delhi,Shimla
176,177,HRTC,https://www.redbus.in/bus-tickets/shimla-to-delhi,Shimla to Delhi,Shimla,Delhi
177,178,HRTC,https://www.redbus.in/bus-tickets/manali-to-chandigarh,Manali to Chandigarh,Manali,Chandigarh
178,179,HRTC,https://www.redbus.in/bus-tickets/chandigarh-to-manali,Chandigarh to Manali,Chandigarh,Manali
179,180,HRTC,https://www.redbus.in/bus-tickets/delhi-to-manali,Delhi to Manali,Delhi,Manali
180,181,HRTC,https://www.redbus.in/bus-tickets/hamirpur-himachal-pradesh-to-chandigarh,Hamirpur (Himachal Pradesh) to Chandigarh,Hamirpur (Himachal Pradesh),Chandigarh
181,182,HRTC,https://www.redbus.in/bus-tickets/delhi-to-hamirpur-himachal-pradesh,Delhi to Hamirpur (Himachal Pradesh),Delhi,Hamirpur (Himachal Pradesh)
182,183,HRTC,https://www.redbus.in/bus-tickets/delhi-to-chandigarh,Delhi to Chandigarh,Delhi,Chandigarh
183,184,HRTC,https://www.redbus.in/bus-tickets/manali-to-delhi,Manali to Delhi,Manali,Delhi
184,185,HRTC,https://www.redbus.in/bus-tickets/hamirpur-himachal-pradesh-to-delhi,Hamirpur (Himachal Pradesh) to Delhi,Hamirpur (Himachal Pradesh),Delhi
185,186,HRTC,https://www.redbus.in/bus-tickets/chandigarh-to-hamirpur-himachal-pradesh,Chandigarh to Hamirpur (Himachal Pradesh),Chandigarh,Hamirpur (Himachal Pradesh)
186,187,HRTC,https://www.redbus.in/bus-tickets/shimla-to-manali,Shimla to Manali,Shimla,Manali
187,188,HRTC,https://www.redbus.in/bus-tickets/delhi-to-dharamshala,Delhi to Dharamshala (Himachal Pradesh),Delhi,Dharamshala (Himachal Pradesh)
188,189,HRTC,https://www.redbus.in/bus-tickets/shimla-to-chandigarh,Shimla to Chandigarh,Shimla,Chandigarh
189,190,HRTC,https://www.redbus.in/bus-tickets/chandigarh-to-dharamshala,Chandigarh to Dharamshala (Himachal Pradesh),Chandigarh,Dharamshala (Himachal Pradesh)
190,191,HRTC,https://www.redbus.in/bus-tickets/delhi-to-baddi-himachal-pradesh,Delhi to Baddi (Himachal Pradesh),Delhi,Baddi (Himachal Pradesh)
191,192,HRTC,https://www.redbus.in/bus-tickets/dharamshala-to-chandigarh,Dharamshala (Himachal Pradesh) to Chandigarh,Dharamshala (Himachal Pradesh),Chandigarh
192,193,HRTC,https://www.redbus.in/bus-tickets/chamba-himachal-pradesh-to-chandigarh,Chamba (Himachal Pradesh) to Chandigarh,Chamba (Himachal Pradesh),Chandigarh
193,194,HRTC,https://www.redbus.in/bus-tickets/delhi-to-dalhousie,Delhi to Dalhousie,Delhi,Dalhousie
194,195,HRTC,https://www.redbus.in/bus-tickets/delhi-to-chamba-himachal-pradesh,Delhi to Chamba (Himachal Pradesh),Delhi,Chamba (Himachal Pradesh)
195,196,HRTC,https://www.redbus.in/bus-tickets/dalhousie-to-delhi,Dalhousie to Delhi,Dalhousie,Delhi
196,197,HRTC,https://www.redbus.in/bus-tickets/solan-to-delhi,Solan to Delhi,Solan,Delhi
197,198,HRTC,https://www.redbus.in/bus-tickets/delhi-to-palampur,Delhi to Palampur,Delhi,Palampur
198,199,HRTC,https://www.redbus.in/bus-tickets/dharamshala-to-delhi,Dharamshala (Himachal Pradesh) to Delhi,Dharamshala (Himachal Pradesh),Delhi
199,200,HRTC,https://www.redbus.in/bus-tickets/delhi-to-solan,Delhi to Solan,Delhi,Solan
200,201,HRTC,https://www.redbus.in/bus-tickets/chandigarh-to-reckong-peo-himachal-pradesh,Chandigarh to Reckong Peo (Himachal Pradesh),Chandigarh,Reckong Peo (Himachal Pradesh)
201,202,HRTC,https://www.redbus.in/bus-tickets/manali-to-shimla,Manali to Shimla,Manali,Shimla
202,203,HRTC,https://www.redbus.in/bus-tickets/palampur-to-delhi,Palampur to Delhi,Palampur,Delhi
203,204,HRTC,https://www.redbus.in/bus-tickets/chandigarh-to-kullu,Chandigarh to Kullu,Chandigarh,Kullu
204,205,HRTC,https://www.redbus.in/bus-tickets/kangra-to-chandigarh,Kangra to Chandigarh,Kangra,Chandigarh
205,206,HRTC,https://www.redbus.in/bus-tickets/kullu-to-chandigarh,Kullu to Chandigarh,Kullu,Chandigarh
206,207,HRTC,https://www.redbus.in/bus-tickets/delhi-to-kangra,Delhi to Kangra,Delhi,Kangra
207,208,HRTC,https://www.redbus.in/bus-tickets/chamba-himachal-pradesh-to-delhi,Chamba (Himachal Pradesh) to Delhi,Chamba (Himachal Pradesh),Delhi
208,209,HRTC,https://www.redbus.in/bus-tickets/palampur-to-chandigarh,Palampur to Chandigarh,Palampur,Chandigarh
209,210,HRTC,https://www.redbus.in/bus-tickets/chandigarh-to-shimla,Chandigarh to Shimla,Chandigarh,Shimla
210,211,HRTC,https://www.redbus.in/bus-tickets/chandigarh-to-kangra,Chandigarh to Kangra,Chandigarh,Kangra
211,212,HRTC,https://www.redbus.in/bus-tickets/delhi-to-nalagarh,Delhi to Nalagarh,Delhi,Nalagarh
212,213,HRTC,https://www.redbus.in/bus-tickets/baddi-himachal-pradesh-to-delhi,Baddi (Himachal Pradesh) to Delhi,Baddi (Himachal Pradesh),Delhi
213,214,HRTC,https://www.redbus.in/bus-tickets/kangra-to-delhi,Kangra to Delhi,Kangra,Delhi
214,215,HRTC,https://www.redbus.in/bus-tickets/ghumarwin-to-delhi,Ghumarwin to Delhi,Ghumarwin,Delhi
215,216,HRTC,https://www.redbus.in/bus-tickets/delhi-to-sarkaghat,Delhi to Sarkaghat,Delhi,Sarkaghat
216,217,RSRTC,https://www.redbus.in/bus-tickets/jodhpur-to-ajmer,Jodhpur to Ajmer,Jodhpur,Ajmer
217,218,RSRTC,https://www.redbus.in/bus-tickets/beawer-to-jaipur,Beawar (Rajasthan) to Jaipur (Rajasthan),Beawar (Rajasthan),Jaipur (Rajasthan)
218,219,RSRTC,https://www.redbus.in/bus-tickets/udaipur-to-jodhpur,Udaipur to Jodhpur,Udaipur,Jodhpur
219,220,RSRTC,https://www.redbus.in/bus-tickets/jaipur-to-jodhpur,Jaipur (Rajasthan) to Jodhpur,Jaipur (Rajasthan),Jodhpur
220,221,RSRTC,https://www.redbus.in/bus-tickets/sikar-to-jaipur,Sikar to Jaipur (Rajasthan),Sikar,Jaipur (Rajasthan)
221,222,RSRTC,https://www.redbus.in/bus-tickets/kishangarh-to-jaipur,Kishangarh to Jaipur (Rajasthan),Kishangarh,Jaipur (Rajasthan)
222,223,RSRTC,https://www.redbus.in/bus-tickets/aligarh-uttar-pradesh-to-jaipur,Aligarh (uttar pradesh) to Jaipur (Rajasthan),Aligarh (uttar pradesh),Jaipur (Rajasthan)
223,224,RSRTC,https://www.redbus.in/bus-tickets/jodhpur-to-beawer,Jodhpur to Beawar (Rajasthan),Jodhpur,Beawar (Rajasthan)
224,225,RSRTC,https://www.redbus.in/bus-tickets/kota-rajasthan-to-jaipur,Kota(Rajasthan) to Jaipur (Rajasthan),Kota(Rajasthan),Jaipur (Rajasthan)
225,226,RSRTC,https://www.redbus.in/bus-tickets/jaipur-to-aligarh-uttar-pradesh,Jaipur (Rajasthan) to Aligarh (uttar pradesh),Jaipur (Rajasthan),Aligarh (uttar pradesh)
226,227,RSRTC,https://www.redbus.in/bus-tickets/jaipur-to-kota-rajasthan,Jaipur (Rajasthan) to Kota(Rajasthan),Jaipur (Rajasthan),Kota(Rajasthan)
227,228,RSRTC,https://www.redbus.in/bus-tickets/pali-to-udaipur,Pali (Rajasthan) to Udaipur,Pali (Rajasthan),Udaipur
228,229,RSRTC,https://www.redbus.in/bus-tickets/udaipur-to-pali-rajasthan,Udaipur to Pali (Rajasthan),Udaipur,Pali (Rajasthan)
229,230,RSRTC,https://www.redbus.in/bus-tickets/sikar-to-bikaner,Sikar to Bikaner,Sikar,Bikaner
230,231,RSRTC,https://www.redbus.in/bus-tickets/jaipur-to-bharatpur,Jaipur (Rajasthan) to Bharatpur,Jaipur (Rajasthan),Bharatpur
231,232,RSRTC,https://www.redbus.in/bus-tickets/kishangarh-to-jodhpur,Kishangarh to Jodhpur,Kishangarh,Jodhpur
232,233,RSRTC,https://www.redbus.in/bus-tickets/jaipur-to-bhilwara,Jaipur (Rajasthan) to Bhilwara,Jaipur (Rajasthan),Bhilwara
233,234,RSRTC,https://www.redbus.in/bus-tickets/kota-rajasthan-to-udaipur,Kota(Rajasthan) to Udaipur,Kota(Rajasthan),Udaipur
234,235,RSRTC,https://www.redbus.in/bus-tickets/jaipur-to-pilani,Jaipur (Rajasthan) to Pilani,Jaipur (Rajasthan),Pilani
235,236,RSRTC,https://www.redbus.in/bus-tickets/jaipur-to-mathura,Jaipur (Rajasthan) to Mathura,Jaipur (Rajasthan),Mathura
236,237,RSRTC,https://www.redbus.in/bus-tickets/bikaner-to-sikar,Bikaner to Sikar,Bikaner,Sikar
237,238,PEPSU,https://www.redbus.in/bus-tickets/patiala-to-delhi,Patiala to Delhi,Patiala,Delhi
238,239,PEPSU,https://www.redbus.in/bus-tickets/delhi-to-patiala,Delhi to Patiala,Delhi,Patiala
239,240,PEPSU,https://www.redbus.in/bus-tickets/ludhiana-to-delhi,Ludhiana to Delhi,Ludhiana,Delhi
240,241,PEPSU,https://www.redbus.in/bus-tickets/delhi-to-ludhiana,Delhi to Ludhiana,Delhi,Ludhiana
241,242,PEPSU,https://www.redbus.in/bus-tickets/phagwara-to-delhi,Phagwara to Delhi,Phagwara,Delhi
242,243,PEPSU,https://www.redbus.in/bus-tickets/jalandhar-to-delhi,Jalandhar to Delhi,Jalandhar,Delhi
243,244,PEPSU,https://www.redbus.in/bus-tickets/delhi-to-jalandhar,Delhi to Jalandhar,Delhi,Jalandhar
244,245,PEPSU,https://www.redbus.in/bus-tickets/patiala-to-delhi-airport,Patiala to Delhi Airport,Patiala,Delhi Airport
245,246,PEPSU,https://www.redbus.in/bus-tickets/jalandhar-to-delhi-airport,Jalandhar to Delhi Airport,Jalandhar,Delhi Airport
246,247,PEPSU,https://www.redbus.in/bus-tickets/ludhiana-to-delhi-airport,Ludhiana to Delhi Airport,Ludhiana,Delhi Airport
247,248,PEPSU,https://www.redbus.in/bus-tickets/phagwara-to-delhi-airport,Phagwara to Delhi Airport,Phagwara,Delhi Airport
248,249,PEPSU,https://www.redbus.in/bus-tickets/delhi-airport-to-ludhiana,Delhi Airport to Ludhiana,Delhi Airport,Ludhiana
249,250,PEPSU,https://www.redbus.in/bus-tickets/delhi-to-phagwara,Delhi to Phagwara,Delhi,Phagwara
250,251,PEPSU,https://www.redbus.in/bus-tickets/delhi-to-amritsar,Delhi to Amritsar,Delhi,Amritsar
251,252,PEPSU,https://www.redbus.in/bus-tickets/amritsar-to-delhi,Amritsar to Delhi,Amritsar,Delhi
252,253,PEPSU,https://www.redbus.in/bus-tickets/delhi-airport-to-patiala,Delhi Airport to Patiala,Delhi Airport,Patiala
253,254,PEPSU,https://www.redbus.in/bus-tickets/amritsar-to-delhi-airport,Amritsar to Delhi Airport,Amritsar,Delhi Airport
254,255,PEPSU,https://www.redbus.in/bus-tickets/kapurthala-to-delhi,Kapurthala to Delhi,Kapurthala,Delhi
255,256,PEPSU,https://www.redbus.in/bus-tickets/delhi-airport-to-jalandhar,Delhi Airport to Jalandhar,Delhi Airport,Jalandhar
256,257,PEPSU,https://www.redbus.in/bus-tickets/chandigarh-to-bathinda,Chandigarh to Bathinda,Chandigarh,Bathinda
257,258,PEPSU,https://www.redbus.in/bus-tickets/chandigarh-to-faridkot,Chandigarh to Faridkot,Chandigarh,Faridkot
258,259,PEPSU,https://www.redbus.in/bus-tickets/chandigarh-to-patiala,Chandigarh to Patiala,Chandigarh,Patiala
259,260,ASTC,https://www.redbus.in/bus-tickets/tezpur-to-guwahati,Tezpur to Guwahati,Tezpur,Guwahati
260,261,ASTC,https://www.redbus.in/bus-tickets/guwahati-to-tezpur,Guwahati to Tezpur,Guwahati,Tezpur
261,262,ASTC,https://www.redbus.in/bus-tickets/nagaon-to-guwahati,Nagaon (Assam) to Guwahati,Nagaon (Assam),Guwahati
262,263,ASTC,https://www.redbus.in/bus-tickets/guwahati-to-nagaon,Guwahati to Nagaon (Assam),Guwahati,Nagaon (Assam)
263,264,ASTC,https://www.redbus.in/bus-tickets/goalpara-to-guwahati,Goalpara to Guwahati,Goalpara,Guwahati
264,265,ASTC,https://www.redbus.in/bus-tickets/jorhat-to-north-lakhimpur,Jorhat to North Lakhimpur,Jorhat,North Lakhimpur
265,266,ASTC,https://www.redbus.in/bus-tickets/dhubri-to-guwahati,Dhubri to Guwahati,Dhubri,Guwahati
266,267,ASTC,https://www.redbus.in/bus-tickets/guwahati-to-dhubri,Guwahati to Dhubri,Guwahati,Dhubri
267,268,ASTC,https://www.redbus.in/bus-tickets/north-lakhimpur-to-sibsagar,North Lakhimpur to Sibsagar,North Lakhimpur,Sibsagar
268,269,ASTC,https://www.redbus.in/bus-tickets/north-lakhimpur-to-jorhat,North Lakhimpur to Jorhat,North Lakhimpur,Jorhat
269,270,ASTC,https://www.redbus.in/bus-tickets/dhekiajuli-to-guwahati,Dhekiajuli to Guwahati,Dhekiajuli,Guwahati
270,271,ASTC,https://www.redbus.in/bus-tickets/jorhat-to-dibrugarh,Jorhat to Dibrugarh,Jorhat,Dibrugarh
271,272,ASTC,https://www.redbus.in/bus-tickets/jorhat-to-dhemaji,Jorhat to Dhemaji,Jorhat,Dhemaji
272,273,ASTC,https://www.redbus.in/bus-tickets/sibsagar-to-north-lakhimpur,Sibsagar to North Lakhimpur,Sibsagar,North Lakhimpur
273,274,ASTC,https://www.redbus.in/bus-tickets/dhemaji-to-jorhat,Dhemaji to Jorhat,Dhemaji,Jorhat
274,275,ASTC,https://www.redbus.in/bus-tickets/tezpur-to-dibrugarh,Tezpur to Dibrugarh,Tezpur,Dibrugarh
275,276,ASTC,https://www.redbus.in/bus-tickets/haflong-to-guwahati,Haflong to Guwahati,Haflong,Guwahati
276,277,ASTC,https://www.redbus.in/bus-tickets/north-lakhimpur-to-dibrugarh,North Lakhimpur to Dibrugarh,North Lakhimpur,Dibrugarh
277,278,ASTC,https://www.redbus.in/bus-tickets/jorhat-to-tinsukia,Jorhat to Tinsukia,Jorhat,Tinsukia
278,279,ASTC,https://www.redbus.in/bus-tickets/dibrugarh-to-tezpur,Dibrugarh to Tezpur,Dibrugarh,Tezpur
279,280,ASTC,https://www.redbus.in/bus-tickets/guwahati-to-biswanath-charali,Guwahati to Biswanath Charali,Guwahati,Biswanath Charali
280,281,ASTC,https://www.redbus.in/bus-tickets/guwahati-to-haflong,Guwahati to Haflong,Guwahati,Haflong
281,282,ASTC,https://www.redbus.in/bus-tickets/dibrugarh-to-north-lakhimpur,Dibrugarh to North Lakhimpur,Dibrugarh,North Lakhimpur
282,283,ASTC,https://www.redbus.in/bus-tickets/nagaon-to-haflong,Nagaon (Assam) to Haflong,Nagaon (Assam),Haflong
283,284,ASTC,https://www.redbus.in/bus-tickets/tezpur-to-moran,Tezpur to Moran,Tezpur,Moran
284,285,ASTC,https://www.redbus.in/bus-tickets/dibrugarh-to-jorhat,Dibrugarh to Jorhat,Dibrugarh,Jorhat
285,286,ASTC,https://www.redbus.in/bus-tickets/guwahati-to-silchar,Guwahati to Silchar,Guwahati,Silchar
286,287,ASTC,https://www.redbus.in/bus-tickets/bihpuria-to-dibrugarh,Bihpuria to Dibrugarh,Bihpuria,Dibrugarh
287,288,ASTC,https://www.redbus.in/bus-tickets/haflong-to-nagaon,Haflong to Nagaon (Assam),Haflong,Nagaon (Assam)
288,289,ASTC,https://www.redbus.in/bus-tickets/north-lakhimpur-to-tezpur,North Lakhimpur to Tezpur,North Lakhimpur,Tezpur
289,290,ASTC,https://www.redbus.in/bus-tickets/biswanath-charali-to-guwahati,Biswanath Charali to Guwahati,Biswanath Charali,Guwahati
290,291,ASTC,https://www.redbus.in/bus-tickets/biswanath-charali-to-dibrugarh,Biswanath Charali to Dibrugarh,Biswanath Charali,Dibrugarh
291,292,ASTC,https://www.redbus.in/bus-tickets/tinsukia-to-jorhat,Tinsukia to Jorhat,Tinsukia,Jorhat
292,293,ASTC,https://www.redbus.in/bus-tickets/moran-to-tezpur,Moran to Tezpur,Moran,Tezpur
293,294,ASTC,https://www.redbus.in/bus-tickets/jorhat-to-gogamukh,Jorhat to Gogamukh,Jorhat,Gogamukh
294,295,ASTC,https://www.redbus.in/bus-tickets/dibrugarh-to-biswanath-charali,Dibrugarh to Biswanath Charali,Dibrugarh,Biswanath Charali
295,296,ASTC,https://www.redbus.in/bus-tickets/gohpur-to-guwahati,Gohpur to Guwahati,Gohpur,Guwahati
296,297,ASTC,https://www.redbus.in/bus-tickets/tinsukia-to-tezpur,Tinsukia to Tezpur,Tinsukia,Tezpur
297,298,ASTC,https://www.redbus.in/bus-tickets/north-lakhimpur-to-golaghat,North Lakhimpur to Golaghat,North Lakhimpur,Golaghat
298,299,ASTC,https://www.redbus.in/bus-tickets/golaghat-to-north-lakhimpur,Golaghat to North Lakhimpur,Golaghat,North Lakhimpur
299,300,ASTC,https://www.redbus.in/bus-tickets/silchar-to-guwahati,Silchar to Guwahati,Silchar,Guwahati
300,301,ASTC,https://www.redbus.in/bus-tickets/bokakhat-to-dibrugarh,Bokakhat to Dibrugarh,Bokakhat,Dibrugarh
301,302,ASTC,https://www.redbus.in/bus-tickets/north-lakhimpur-to-moran,North Lakhimpur to Moran,North Lakhimpur,Moran
302,303,ASTC,https://www.redbus.in/bus-tickets/tezpur-to-north-lakhimpur,Tezpur to North Lakhimpur,Tezpur,North Lakhimpur
303,304,ASTC,https://www.redbus.in/bus-tickets/tezpur-to-tinsukia,Tezpur to Tinsukia,Tezpur,Tinsukia
304,305,ASTC,https://www.redbus.in/bus-tickets/dibrugarh-to-bihpuria,Dibrugarh to Bihpuria,Dibrugarh,Bihpuria
305,306,ASTC,https://www.redbus.in/bus-tickets/dibrugarh-to-bokakhat,Dibrugarh to Bokakhat,Dibrugarh,Bokakhat
306,307,SBSTC,https://www.redbus.in/bus-tickets/durgapur-to-kolkata,Durgapur (West Bengal) to Kolkata,Durgapur (West Bengal),Kolkata
307,308,SBSTC,https://www.redbus.in/bus-tickets/digha-to-barasat-west-bengal,Digha to Barasat (West Bengal),Digha,Barasat (West Bengal)
308,309,SBSTC,https://www.redbus.in/bus-tickets/barasat-west-bengal-to-digha,Barasat (West Bengal) to Digha,Barasat (West Bengal),Digha
309,310,WBTC,https://www.redbus.in/bus-tickets/suri-to-kolkata,Suri to Kolkata,Suri,Kolkata
310,311,SBSTC,https://www.redbus.in/bus-tickets/kolkata-to-digha,Kolkata to Digha,Kolkata,Digha
311,312,WBTC,https://www.redbus.in/bus-tickets/bolpur-west-bengal-to-kolkata,Bolpur (West Bengal) to Kolkata,Bolpur (West Bengal),Kolkata
312,313,SBSTC,https://www.redbus.in/bus-tickets/kolkata-to-suri,Kolkata to Suri,Kolkata,Suri
313,314,SBSTC,https://www.redbus.in/bus-tickets/digha-to-kolkata,Digha to Kolkata,Digha,Kolkata
314,315,SBSTC,https://www.redbus.in/bus-tickets/kolkata-to-durgapur,Kolkata to Durgapur (West Bengal),Kolkata,Durgapur (West Bengal)
315,316,WBTC,https://www.redbus.in/bus-tickets/habra-to-digha,Habra to Digha,Habra,Digha
316,317,WBTC,https://www.redbus.in/bus-tickets/barasat-west-bengal-to-nandakumar,Barasat (West Bengal) to Nandakumar (west bengal),Barasat (West Bengal),Nandakumar (west bengal)
317,318,SBSTC,https://www.redbus.in/bus-tickets/asansol-to-kolkata,Asansol (West Bengal) to Kolkata,Asansol (West Bengal),Kolkata
318,319,WBTC,https://www.redbus.in/bus-tickets/barasat-west-bengal-to-contai-kanthi,Barasat (West Bengal) to Contai (Kanthi),Barasat (West Bengal),Contai (Kanthi)
319,320,SBSTC,https://www.redbus.in/bus-tickets/siliguri-to-kolkata,Siliguri to Kolkata,Siliguri,Kolkata
320,321,WBTC,https://www.redbus.in/bus-tickets/kolkata-to-bolpur-west-bengal,Kolkata to Bolpur (West Bengal),Kolkata,Bolpur (West Bengal)
321,322,SBSTC,https://www.redbus.in/bus-tickets/barasat-west-bengal-to-midnapore,Barasat (West Bengal) to Midnapore,Barasat (West Bengal),Midnapore
322,323,WBTC,https://www.redbus.in/bus-tickets/barasat-west-bengal-to-kolaghat,Barasat (West Bengal) to Kolaghat,Barasat (West Bengal),Kolaghat
323,324,WBTC,https://www.redbus.in/bus-tickets/barasat-west-bengal-to-durgapur,Barasat (West Bengal) to Durgapur (West Bengal),Barasat (West Bengal),Durgapur (West Bengal)
324,325,WBTC,https://www.redbus.in/bus-tickets/barasat-west-bengal-to-heria,Barasat (West Bengal) to Heria,Barasat (West Bengal),Heria
325,326,WBTC,https://www.redbus.in/bus-tickets/digha-to-habra,Digha to Habra,Digha,Habra
326,327,SBSTC,https://www.redbus.in/bus-tickets/midnapore-to-barasat-west-bengal,Midnapore to Barasat (West Bengal),Midnapore,Barasat (West Bengal)
327,328,WBTC,https://www.redbus.in/bus-tickets/haldia-to-barasat-west-bengal,Haldia to Barasat (West Bengal),Haldia,Barasat (West Bengal)
328,329,WBTC,https://www.redbus.in/bus-tickets/barasat-west-bengal-to-haldia,Barasat (West Bengal) to Haldia,Barasat (West Bengal),Haldia
329,330,SBSTC,https://www.redbus.in/bus-tickets/midnapore-to-kolkata,Midnapore to Kolkata,Midnapore,Kolkata
330,331,WBTC,https://www.redbus.in/bus-tickets/durgapur-to-purulia,Durgapur (West Bengal) to Purulia,Durgapur (West Bengal),Purulia
331,332,WBTC,https://www.redbus.in/bus-tickets/barasat-west-bengal-to-burdwan,Barasat (West Bengal) to Burdwan,Barasat (West Bengal),Burdwan
332,333,SBSTC,https://www.redbus.in/bus-tickets/kolkata-to-siliguri,Kolkata to Siliguri,Kolkata,Siliguri
333,334,WBTC,https://www.redbus.in/bus-tickets/durgapur-to-barasat-west-bengal,Durgapur (West Bengal) to Barasat (West Bengal),Durgapur (West Bengal),Barasat (West Bengal)
334,335,SBSTC,https://www.redbus.in/bus-tickets/haldia-to-kolkata,Haldia to Kolkata,Haldia,Kolkata
335,336,WBTC,https://www.redbus.in/bus-tickets/kolkata-to-purulia,Kolkata to Purulia,Kolkata,Purulia
336,337,SBSTC,https://www.redbus.in/bus-tickets/kolkata-to-asansol,Kolkata to Asansol (West Bengal),Kolkata,Asansol (West Bengal)
337,338,WBTC,https://www.redbus.in/bus-tickets/barasat-west-bengal-to-debra,Barasat (West Bengal) to Debra,Barasat (West Bengal),Debra
338,339,WBTC,https://www.redbus.in/bus-tickets/barasat-west-bengal-to-asansol,Barasat (West Bengal) to Asansol (West Bengal),Barasat (West Bengal),Asansol (West Bengal)
339,340,WBTC,https://www.redbus.in/bus-tickets/kolkata-to-bakkhali,Kolkata to Bakkhali,Kolkata,Bakkhali
340,341,WBTC,https://www.redbus.in/bus-tickets/barasat-west-bengal-to-nimtouri,Barasat (West Bengal) to Nimtouri,Barasat (West Bengal),Nimtouri
341,342,WBTC,https://www.redbus.in/bus-tickets/habra-to-kolaghat,Habra to Kolaghat,Habra,Kolaghat
342,343,WBTC,https://www.redbus.in/bus-tickets/habra-to-durgapur,Habra to Durgapur (West Bengal),Habra,Durgapur (West Bengal)
343,344,WBTC,https://www.redbus.in/bus-tickets/barasat-west-bengal-to-mechogram,Barasat (West Bengal) to Mechogram,Barasat (West Bengal),Mechogram
344,345,WBTC,https://www.redbus.in/bus-tickets/habra-to-haldia,Habra to Haldia,Habra,Haldia
345,346,WBTC,https://www.redbus.in/bus-tickets/habra-to-contai-kanthi,Habra to Contai (Kanthi),Habra,Contai (Kanthi)
346,347,WBTC,https://www.redbus.in/bus-tickets/habra-to-midnapore,Habra to Midnapore,Habra,Midnapore
347,348,KTCL,https://www.redbus.in/bus-tickets/pune-to-goa,Pune to Goa,Pune,Goa
348,349,KTCL,https://www.redbus.in/bus-tickets/goa-to-pune,Goa to Pune,Goa,Pune
349,350,KTCL,https://www.redbus.in/bus-tickets/mumbai-to-goa,Mumbai to Goa,Mumbai,Goa
350,351,KTCL,https://www.redbus.in/bus-tickets/goa-to-mumbai,Goa to Mumbai,Goa,Mumbai
351,352,KTCL,https://www.redbus.in/bus-tickets/pandharpur-to-goa,Pandharpur to Goa,Pandharpur,Goa
352,353,KTCL,https://www.redbus.in/bus-tickets/bangalore-to-goa,Bangalore to Goa,Bangalore,Goa
353,354,KTCL,https://www.redbus.in/bus-tickets/goa-to-pandharpur,Goa to Pandharpur,Goa,Pandharpur
354,355,KTCL,https://www.redbus.in/bus-tickets/belagavi-to-goa,Belagavi to Goa,Belagavi,Goa
355,356,KTCL,https://www.redbus.in/bus-tickets/goa-to-bangalore,Goa to Bangalore,Goa,Bangalore
356,357,KTCL,https://www.redbus.in/bus-tickets/solapur-to-goa,Solapur to Goa,Solapur,Goa
357,358,KTCL,https://www.redbus.in/bus-tickets/goa-to-kolhapur-maharashtra,Goa to Kolhapur(Maharashtra),Goa,Kolhapur(Maharashtra)
358,359,KTCL,https://www.redbus.in/bus-tickets/goa-to-solapur,Goa to Solapur,Goa,Solapur
359,360,KTCL,https://www.redbus.in/bus-tickets/goa-to-sangola,Goa to Sangola (Solapur),Goa,Sangola (Solapur)
360,361,KTCL,https://www.redbus.in/bus-tickets/sangola-to-goa,Sangola (Solapur) to Goa,Sangola (Solapur),Goa
361,362,KTCL,https://www.redbus.in/bus-tickets/calangute-goa-to-goa-airport,Calangute (goa) to Goa Airport,Calangute (goa),Goa Airport
362,363,KTCL,https://www.redbus.in/bus-tickets/goa-to-sangli,Goa to Sangli,Goa,Sangli
363,364,KTCL,https://www.redbus.in/bus-tickets/calangute-goa-to-mopa-airport,Calangute (goa) to Mopa Airport,Calangute (goa),Mopa Airport
364,365,KTCL,https://www.redbus.in/bus-tickets/mopa-airport-to-calangute-goa,Mopa Airport to Calangute (goa),Mopa Airport,Calangute (goa)
365,366,KTCL,https://www.redbus.in/bus-tickets/ponda-to-belagavi,Ponda to Belagavi,Ponda,Belagavi
366,367,KTCL,https://www.redbus.in/bus-tickets/goa-to-miraj,Goa to Miraj,Goa,Miraj
367,368,KTCL,https://www.redbus.in/bus-tickets/goa-airport-to-calangute-goa,Goa Airport to Calangute (goa),Goa Airport,Calangute (goa)
368,369,KTCL,https://www.redbus.in/bus-tickets/marcel-to-belagavi,Marcel to Belagavi,Marcel,Belagavi
369,370,KTCL,https://www.redbus.in/bus-tickets/shimoga-to-goa,Shivamogga to Goa,Shivamogga,Goa
370,371,KTCL,https://www.redbus.in/bus-tickets/goa-to-mopa-airport,Goa to Mopa Airport,Goa,Mopa Airport
371,372,KTCL,https://www.redbus.in/bus-tickets/goa-to-satara,Goa to Satara,Goa,Satara
372,373,KTCL,https://www.redbus.in/bus-tickets/belagavi-to-marcel,Belagavi to Marcel,Belagavi,Marcel
373,374,KTCL,https://www.redbus.in/bus-tickets/mopa-airport-to-goa,Mopa Airport to Goa,Mopa Airport,Goa
374,375,KTCL,https://www.redbus.in/bus-tickets/shirdi-to-goa,Shirdi to Goa,Shirdi,Goa
375,376,KTCL,https://www.redbus.in/bus-tickets/goa-to-shimoga,Goa to Shivamogga,Goa,Shivamogga
376,377,KTCL,https://www.redbus.in/bus-tickets/goa-to-shirdi,Goa to Shirdi,Goa,Shirdi
377,378,KTCL,https://www.redbus.in/bus-tickets/goa-to-goa-airport,Goa to Goa Airport,Goa,Goa Airport
378,379,KTCL,https://www.redbus.in/bus-tickets/margoa-to-mopa-airport,Margao to Mopa Airport,Margao,Mopa Airport
379,380,KTCL,https://www.redbus.in/bus-tickets/goa-airport-to-goa,Goa Airport to Goa,Goa Airport,Goa
380,381,KTCL,https://www.redbus.in/bus-tickets/mopa-airport-to-margoa,Mopa Airport to Margao,Mopa Airport,Margao
381,382,KTCL,https://www.redbus.in/bus-tickets/belagavi-to-saquelim,Belagavi to Saquelim,Belagavi,Saquelim
382,383,KTCL,https://www.redbus.in/bus-tickets/panaji-to-mopa-airport,Panaji to Mopa Airport,Panaji,Mopa Airport
383,384,KTCL,https://www.redbus.in/bus-tickets/saquelim-to-belagavi,Saquelim to Belagavi,Saquelim,Belagavi
384,385,KTCL,https://www.redbus.in/bus-tickets/calangute-goa-to-goa,Calangute (goa) to Goa,Calangute (goa),Goa
385,386,KTCL,https://www.redbus.in/bus-tickets/calangute-goa-to-panaji,Calangute (goa) to Panaji,Calangute (goa),Panaji
386,387,KTCL,https://www.redbus.in/bus-tickets/goa-airport-to-panaji,Goa Airport to Panaji,Goa Airport,Panaji
387,388,SBSTC,https://www.redbus.in/bus-tickets/kolkata-to-siliguri,Kolkata to Siliguri,Kolkata,Siliguri
388,389,SBSTC,https://www.redbus.in/bus-tickets/siliguri-to-kolkata,Siliguri to Kolkata,Siliguri,Kolkata
389,390,NBSTC,https://www.redbus.in/bus-tickets/siliguri-to-darjeeling,Siliguri to Darjeeling,Siliguri,Darjeeling
390,391,NBSTC,https://www.redbus.in/bus-tickets/kolkata-to-raiganj,Kolkata to Raiganj,Kolkata,Raiganj
391,392,NBSTC,https://www.redbus.in/bus-tickets/raiganj-to-kolkata,Raiganj to Kolkata,Raiganj,Kolkata
392,393,NBSTC,https://www.redbus.in/bus-tickets/kolkata-to-malda,Kolkata to Malda,Kolkata,Malda
393,394,NBSTC,https://www.redbus.in/bus-tickets/cooch-behar-west-bengal-to-berhampore,Cooch Behar (West Bengal) to Berhampore (West Bengal),Cooch Behar (West Bengal),Berhampore (West Bengal)
394,395,NBSTC,https://www.redbus.in/bus-tickets/kolkata-to-cooch-behar-west-bengal,Kolkata to Cooch Behar (West Bengal),Kolkata,Cooch Behar (West Bengal)
395,396,NBSTC,https://www.redbus.in/bus-tickets/malda-to-kolkata,Malda to Kolkata,Malda,Kolkata
396,397,NBSTC,https://www.redbus.in/bus-tickets/berhampore-to-cooch-behar-west-bengal,Berhampore (West Bengal) to Cooch Behar (West Bengal),Berhampore (West Bengal),Cooch Behar (West Bengal)
397,398,NBSTC,https://www.redbus.in/bus-tickets/cooch-behar-west-bengal-to-kolkata,Cooch Behar (West Bengal) to Kolkata,Cooch Behar (West Bengal),Kolkata
398,399,NBSTC,https://www.redbus.in/bus-tickets/kolkata-to-balurghat,Kolkata to Balurghat,Kolkata,Balurghat
399,400,NBSTC,https://www.redbus.in/bus-tickets/berhampore-to-siliguri,Berhampore (West Bengal) to Siliguri,Berhampore (West Bengal),Siliguri
400,401,NBSTC,https://www.redbus.in/bus-tickets/siliguri-to-berhampore,Siliguri to Berhampore (West Bengal),Siliguri,Berhampore (West Bengal)
401,402,NBSTC,https://www.redbus.in/bus-tickets/kolkata-to-gangarampur,Kolkata to Gangarampur,Kolkata,Gangarampur
402,403,NBSTC,https://www.redbus.in/bus-tickets/siliguri-to-kalimpong,Siliguri to Kalimpong,Siliguri,Kalimpong
403,404,NBSTC,https://www.redbus.in/bus-tickets/cooch-behar-west-bengal-to-malda,Cooch Behar (West Bengal) to Malda,Cooch Behar (West Bengal),Malda
404,405,NBSTC,https://www.redbus.in/bus-tickets/malda-to-cooch-behar-west-bengal,Malda to Cooch Behar (West Bengal),Malda,Cooch Behar (West Bengal)
405,406,NBSTC,https://www.redbus.in/bus-tickets/balurghat-to-kolkata,Balurghat to Kolkata,Balurghat,Kolkata
406,407,NBSTC,https://www.redbus.in/bus-tickets/kolkata-to-jalpaiguri,Kolkata to Jalpaiguri,Kolkata,Jalpaiguri
407,408,NBSTC,https://www.redbus.in/bus-tickets/kolkata-to-islampur-west-bengal,Kolkata to Islampur (West Bengal),Kolkata,Islampur (West Bengal)
408,409,NBSTC,https://www.redbus.in/bus-tickets/falakata-to-berhampore,Falakata (west bengal) to Berhampore (West Bengal),Falakata (west bengal),Berhampore (West Bengal)
409,410,NBSTC,https://www.redbus.in/bus-tickets/kolkata-to-falakata,Kolkata to Falakata (west bengal),Kolkata,Falakata (west bengal)
410,411,NBSTC,https://www.redbus.in/bus-tickets/cooch-behar-west-bengal-to-raiganj,Cooch Behar (West Bengal) to Raiganj,Cooch Behar (West Bengal),Raiganj
411,412,NBSTC,https://www.redbus.in/bus-tickets/siliguri-to-cooch-behar-west-bengal,Siliguri to Cooch Behar (West Bengal),Siliguri,Cooch Behar (West Bengal)
412,413,NBSTC,https://www.redbus.in/bus-tickets/raiganj-to-krishnanagar,Raiganj to Krishnanagar (West Bengal),Raiganj,Krishnanagar (West Bengal)
413,414,NBSTC,https://www.redbus.in/bus-tickets/raiganj-to-siliguri,Raiganj to Siliguri,Raiganj,Siliguri
414,415,NBSTC,https://www.redbus.in/bus-tickets/kolkata-to-buniadpur,Kolkata to Buniadpur,Kolkata,Buniadpur
415,416,NBSTC,https://www.redbus.in/bus-tickets/gangarampur-to-kolkata,Gangarampur to Kolkata,Gangarampur,Kolkata
416,417,NBSTC,https://www.redbus.in/bus-tickets/siliguri-to-ranaghat,Siliguri to Ranaghat,Siliguri,Ranaghat
417,418,NBSTC,https://www.redbus.in/bus-tickets/siliguri-to-krishnanagar,Siliguri to Krishnanagar (West Bengal),Siliguri,Krishnanagar (West Bengal)
418,419,NBSTC,https://www.redbus.in/bus-tickets/falakata-to-kolkata,Falakata (west bengal) to Kolkata,Falakata (west bengal),Kolkata
419,420,NBSTC,https://www.redbus.in/bus-tickets/kolkata-to-farakka,Kolkata to Farakka,Kolkata,Farakka
420,421,NBSTC,https://www.redbus.in/bus-tickets/siliguri-to-raiganj,Siliguri to Raiganj,Siliguri,Raiganj
421,422,NBSTC,https://www.redbus.in/bus-tickets/kolkata-to-dhupguri-west-bengal,Kolkata to Dhupguri (West Bengal),Kolkata,Dhupguri (West Bengal)
422,423,NBSTC,https://www.redbus.in/bus-tickets/falakata-to-malda,Falakata (west bengal) to Malda,Falakata (west bengal),Malda
423,424,NBSTC,https://www.redbus.in/bus-tickets/kolkata-to-gazole,Kolkata to Gazole,Kolkata,Gazole
424,425,NBSTC,https://www.redbus.in/bus-tickets/berhampore-to-falakata,Berhampore (West Bengal) to Falakata (west bengal),Berhampore (West Bengal),Falakata (west bengal)
425,426,NBSTC,https://www.redbus.in/bus-tickets/balurghat-to-siliguri,Balurghat to Siliguri,Balurghat,Siliguri
426,427,NBSTC,https://www.redbus.in/bus-tickets/siliguri-to-barasat-west-bengal,Siliguri to Barasat (West Bengal),Siliguri,Barasat (West Bengal)
427,428,NBSTC,https://www.redbus.in/bus-tickets/kolkata-to-maynaguri-west-bengal,Kolkata to Maynaguri (West Bengal),Kolkata,Maynaguri (West Bengal)
428,429,NBSTC,https://www.redbus.in/bus-tickets/kolkata-to-itahar-west-bengal,Kolkata to Itahar (West Bengal),Kolkata,Itahar (West Bengal)
429,430,NBSTC,https://www.redbus.in/bus-tickets/cooch-behar-west-bengal-to-krishnanagar,Cooch Behar (West Bengal) to Krishnanagar (West Bengal),Cooch Behar (West Bengal),Krishnanagar (West Bengal)
430,431,NBSTC,https://www.redbus.in/bus-tickets/cooch-behar-west-bengal-to-omarpur-west-bengal,Cooch Behar (West Bengal) to Omarpur (West Bengal),Cooch Behar (West Bengal),Omarpur (West Bengal)
431,432,NBSTC,https://www.redbus.in/bus-tickets/berhampore-to-jalpaiguri,Berhampore (West Bengal) to Jalpaiguri,Berhampore (West Bengal),Jalpaiguri
432,433,NBSTC,https://www.redbus.in/bus-tickets/malda-to-siliguri,Malda to Siliguri,Malda,Siliguri
433,434,NBSTC,https://www.redbus.in/bus-tickets/raiganj-to-ranaghat,Raiganj to Ranaghat,Raiganj,Ranaghat
434,435,NBSTC,https://www.redbus.in/bus-tickets/cooch-behar-west-bengal-to-farakka,Cooch Behar (West Bengal) to Farakka,Cooch Behar (West Bengal),Farakka
435,436,NBSTC,https://www.redbus.in/bus-tickets/cooch-behar-west-bengal-to-siliguri,Cooch Behar (West Bengal) to Siliguri,Cooch Behar (West Bengal),Siliguri
436,437,KAAC Transport,https://www.redbus.in/bus-tickets/diphu-to-guwahati,Diphu to Guwahati,Diphu,Guwahati
437,438,KAAC Transport,https://www.redbus.in/bus-tickets/guwahati-to-diphu,Guwahati to Diphu,Guwahati,Diphu
438,439,KAAC Transport,https://www.redbus.in/bus-tickets/bokolia-assam-to-guwahati,Bokolia (assam) to Guwahati,Bokolia (assam),Guwahati
439,440,KAAC Transport,https://www.redbus.in/bus-tickets/dokmoka-to-guwahati,Dokmoka to Guwahati,Dokmoka,Guwahati
440,441,KAAC Transport,https://www.redbus.in/bus-tickets/guwahati-to-dokmoka,Guwahati to Dokmoka,Guwahati,Dokmoka
441,442,KAAC Transport,https://www.redbus.in/bus-tickets/guwahati-to-bokolia-assam,Guwahati to Bokolia (assam),Guwahati,Bokolia (assam)
442,443,KAAC Transport,https://www.redbus.in/bus-tickets/langhin-assam-to-guwahati,Langhin (assam) to Guwahati,Langhin (assam),Guwahati
443,444,KAAC Transport,https://www.redbus.in/bus-tickets/diphu-to-hamren,Diphu to Hamren,Diphu,Hamren
444,445,KAAC Transport,https://www.redbus.in/bus-tickets/guwahati-to-langhin-assam,Guwahati to Langhin (assam),Guwahati,Langhin (assam)
445,446,KAAC Transport,https://www.redbus.in/bus-tickets/guwahati-to-manja-assam,Guwahati to Manja (assam),Guwahati,Manja (assam)
446,447,KAAC Transport,https://www.redbus.in/bus-tickets/manja-assam-to-guwahati,Manja (assam) to Guwahati,Manja (assam),Guwahati
447,448,KAAC Transport,https://www.redbus.in/bus-tickets/hamren-to-diphu,Hamren to Diphu,Hamren,Diphu
448,449,UPSRTC,https://www.redbus.in/bus-tickets/bareilly-to-delhi,Bareilly to Delhi,Bareilly,Delhi
449,450,UPSRTC,https://www.redbus.in/bus-tickets/aligarh-uttar-pradesh-to-delhi,Aligarh (uttar pradesh) to Delhi,Aligarh (uttar pradesh),Delhi
450,451,UPSRTC,https://www.redbus.in/bus-tickets/delhi-to-bareilly,Delhi to Bareilly,Delhi,Bareilly
451,452,UPSRTC,https://www.redbus.in/bus-tickets/delhi-to-aligarh-uttar-pradesh,Delhi to Aligarh (uttar pradesh),Delhi,Aligarh (uttar pradesh)
452,453,UPSRTC,https://www.redbus.in/bus-tickets/farrukhabad-up-to-delhi,Farrukhabad (Uttar Pradesh) to Delhi,Farrukhabad (Uttar Pradesh),Delhi
453,454,UPSRTC,https://www.redbus.in/bus-tickets/badaun-to-delhi,Badaun to Delhi,Badaun,Delhi
454,455,UPSRTC,https://www.redbus.in/bus-tickets/lucknow-to-allahabad,Lucknow to Allahabad,Lucknow,Allahabad
455,456,UPSRTC,https://www.redbus.in/bus-tickets/lucknow-to-varanasi,Lucknow to Varanasi,Lucknow,Varanasi
456,457,UPSRTC,https://www.redbus.in/bus-tickets/delhi-to-badaun,Delhi to Badaun,Delhi,Badaun
457,458,UPSRTC,https://www.redbus.in/bus-tickets/agra-to-bareilly,Agra to Bareilly,Agra,Bareilly
458,459,UPSRTC,https://www.redbus.in/bus-tickets/allahabad-to-lucknow,Allahabad to Lucknow,Allahabad,Lucknow
459,460,UPSRTC,https://www.redbus.in/bus-tickets/sitapur-to-delhi,Sitapur (Uttar Pradesh) to Delhi,Sitapur (Uttar Pradesh),Delhi
460,461,UPSRTC,https://www.redbus.in/bus-tickets/delhi-to-farrukhabad-up,Delhi to Farrukhabad (Uttar Pradesh),Delhi,Farrukhabad (Uttar Pradesh)
461,462,UPSRTC,https://www.redbus.in/bus-tickets/moradabad-to-delhi,Moradabad to Delhi,Moradabad,Delhi
462,463,UPSRTC,https://www.redbus.in/bus-tickets/delhi-to-haridwar,Delhi to Haridwar,Delhi,Haridwar
463,464,UPSRTC,https://www.redbus.in/bus-tickets/delhi-to-sitapur,Delhi to Sitapur (Uttar Pradesh),Delhi,Sitapur (Uttar Pradesh)
464,465,UPSRTC,https://www.redbus.in/bus-tickets/bareilly-to-agra,Bareilly to Agra,Bareilly,Agra
465,466,UPSRTC,https://www.redbus.in/bus-tickets/agra-to-lucknow,Agra to Lucknow,Agra,Lucknow
466,467,UPSRTC,https://www.redbus.in/bus-tickets/kanpur-to-jhansi,Kanpur (Uttar Pradesh) to Jhansi,Kanpur (Uttar Pradesh),Jhansi
467,468,UPSRTC,https://www.redbus.in/bus-tickets/lucknow-to-agra,Lucknow to Agra,Lucknow,Agra
468,469,UPSRTC,https://www.redbus.in/bus-tickets/varanasi-to-lucknow,Varanasi to Lucknow,Varanasi,Lucknow
469,470,UPSRTC,https://www.redbus.in/bus-tickets/bareilly-to-haridwar,Bareilly to Haridwar,Bareilly,Haridwar
470,471,UPSRTC,https://www.redbus.in/bus-tickets/delhi-to-agra,Delhi to Agra,Delhi,Agra
471,472,UPSRTC,https://www.redbus.in/bus-tickets/delhi-to-shahjahanpur,Delhi to Shahjahanpur (Uttar Pradesh),Delhi,Shahjahanpur (Uttar Pradesh)
472,473,UPSRTC,https://www.redbus.in/bus-tickets/agra-to-delhi,Agra to Delhi,Agra,Delhi
473,474,UPSRTC,https://www.redbus.in/bus-tickets/lucknow-to-ballia,Lucknow to Ballia,Lucknow,Ballia
474,475,UPSRTC,https://www.redbus.in/bus-tickets/bareilly-to-dehradun,Bareilly to Dehradun,Bareilly,Dehradun
475,476,UPSRTC,https://www.redbus.in/bus-tickets/allahabad-to-azamgarh,Allahabad to Azamgarh,Allahabad,Azamgarh
476,477,UPSRTC,https://www.redbus.in/bus-tickets/kanpur-to-bareilly,Kanpur (Uttar Pradesh) to Bareilly,Kanpur (Uttar Pradesh),Bareilly
477,478,UPSRTC,https://www.redbus.in/bus-tickets/lucknow-to-ayodhya,Lucknow to Ayodhya,Lucknow,Ayodhya
478,479,UPSRTC,https://www.redbus.in/bus-tickets/aligarh-to-lucknow,Aligarh (uttar pradesh) to Lucknow,Aligarh (uttar pradesh),Lucknow
479,480,UPSRTC,https://www.redbus.in/bus-tickets/aligarh-to-agra,Aligarh (uttar pradesh) to Agra,Aligarh (uttar pradesh),Agra
480,481,UPSRTC,https://www.redbus.in/bus-tickets/lucknow-to-haridwar,Lucknow to Haridwar,Lucknow,Haridwar
481,482,UPSRTC,https://www.redbus.in/bus-tickets/lucknow-to-kanpur,Lucknow to Kanpur (Uttar Pradesh),Lucknow,Kanpur (Uttar Pradesh)
482,483,UPSRTC,https://www.redbus.in/bus-tickets/lucknow-to-aligarh,Lucknow to Aligarh (uttar pradesh),Lucknow,Aligarh (uttar pradesh)
483,484,UPSRTC,https://www.redbus.in/bus-tickets/delhi-to-etah-up,Delhi to Etah (Uttar Pradesh),Delhi,Etah (Uttar Pradesh)
484,485,UPSRTC,https://www.redbus.in/bus-tickets/delhi-to-kotdwar,Delhi to Kotdwar (Uttarakhand),Delhi,Kotdwar (Uttarakhand)
485,486,UPSRTC,https://www.redbus.in/bus-tickets/allahabad-to-varanasi,Allahabad to Varanasi,Allahabad,Varanasi
486,487,UPSRTC,https://www.redbus.in/bus-tickets/delhi-to-moradabad,Delhi to Moradabad,Delhi,Moradabad
487,488,UPSRTC,https://www.redbus.in/bus-tickets/varanasi-to-allahabad,Varanasi to Allahabad,Varanasi,Allahabad
488,489,UPSRTC,https://www.redbus.in/bus-tickets/lucknow-to-jaunpur,Lucknow to Jaunpur,Lucknow,Jaunpur
489,490,UPSRTC,https://www.redbus.in/bus-tickets/aligarh-to-haridwar,Aligarh (uttar pradesh) to Haridwar,Aligarh (uttar pradesh),Haridwar
490,491,UPSRTC,https://www.redbus.in/bus-tickets/shahjahanpur-to-delhi,Shahjahanpur (Uttar Pradesh) to Delhi,Shahjahanpur (Uttar Pradesh),Delhi
491,492,UPSRTC,https://www.redbus.in/bus-tickets/lucknow-to-azamgarh,Lucknow to Azamgarh,Lucknow,Azamgarh
492,493,UPSRTC,https://www.redbus.in/bus-tickets/jaunpur-to-lucknow,Jaunpur to Lucknow,Jaunpur,Lucknow
493,494,UPSRTC,https://www.redbus.in/bus-tickets/kanpur-to-lucknow,Kanpur (Uttar Pradesh) to Lucknow,Kanpur (Uttar Pradesh),Lucknow
494,495,UPSRTC,https://www.redbus.in/bus-tickets/agra-to-haridwar,Agra to Haridwar,Agra,Haridwar
495,496,UPSRTC,https://www.redbus.in/bus-tickets/lucknow-to-gorakhpur,Lucknow to Gorakhpur (uttar pradesh),Lucknow,Gorakhpur (uttar pradesh)
496,497,UPSRTC,https://www.redbus.in/bus-tickets/delhi-to-haldwani,Delhi to Haldwani,Delhi,Haldwani
497,498,CTU RTC,https://www.redbus.in/bus-tickets/chandigarh-to-delhi,Chandigarh to Delhi,Chandigarh,Delhi
498,499,HRTC,https://www.redbus.in/bus-tickets/delhi-to-chandigarh,Delhi to Chandigarh,Delhi,Chandigarh
499,500,CTU RTC,https://www.redbus.in/bus-tickets/yamuna-nagar-to-chandigarh,Yamuna Nagar to Chandigarh,Yamuna Nagar,Chandigarh
500,501,HRTC,https://www.redbus.in/bus-tickets/chandigarh-to-shimla,Chandigarh to Shimla,Chandigarh,Shimla
501,502,CTU RTC,https://www.redbus.in/bus-tickets/chandigarh-to-vrindavan,Chandigarh to Vrindavan,Chandigarh,Vrindavan
502,503,CTU RTC,https://www.redbus.in/bus-tickets/chandigarh-to-yamuna-nagar,Chandigarh to Yamuna Nagar,Chandigarh,Yamuna Nagar
503,504,CTU RTC,https://www.redbus.in/bus-tickets/chandigarh-to-sujanpur,Chandigarh to Sujanpur (himachal pradesh),Chandigarh,Sujanpur (himachal pradesh)
504,505,CTU RTC,https://www.redbus.in/bus-tickets/ludhiana-to-chandigarh,Ludhiana to Chandigarh,Ludhiana,Chandigarh
505,506,HRTC,https://www.redbus.in/bus-tickets/hamirpur-himachal-pradesh-to-chandigarh,Hamirpur (Himachal Pradesh) to Chandigarh,Hamirpur (Himachal Pradesh),Chandigarh
506,507,CTU RTC,https://www.redbus.in/bus-tickets/vrindavan-to-chandigarh,Vrindavan to Chandigarh,Vrindavan,Chandigarh
507,508,HRTC,https://www.redbus.in/bus-tickets/chandigarh-to-hamirpur-himachal-pradesh,Chandigarh to Hamirpur (Himachal Pradesh),Chandigarh,Hamirpur (Himachal Pradesh)
508,509,CTU RTC,https://www.redbus.in/bus-tickets/sujanpur-to-chandigarh,Sujanpur (himachal pradesh) to Chandigarh,Sujanpur (himachal pradesh),Chandigarh
509,510,HRTC,https://www.redbus.in/bus-tickets/shimla-to-chandigarh,Shimla to Chandigarh,Shimla,Chandigarh
510,511,CTU RTC,https://www.redbus.in/bus-tickets/chandigarh-to-ludhiana,Chandigarh to Ludhiana,Chandigarh,Ludhiana
511,512,HRTC,https://www.redbus.in/bus-tickets/chandigarh-to-dharamshala,Chandigarh to Dharamshala (Himachal Pradesh),Chandigarh,Dharamshala (Himachal Pradesh)
512,513,CTU RTC,https://www.redbus.in/bus-tickets/chandigarh-to-dehradun,Chandigarh to Dehradun,Chandigarh,Dehradun
513,514,CTU RTC,https://www.redbus.in/bus-tickets/chandigarh-to-baijnath,Chandigarh to Baijnath,Chandigarh,Baijnath
514,515,CTU RTC,https://www.redbus.in/bus-tickets/pathankot-to-chandigarh,Pathankot to Chandigarh,Pathankot,Chandigarh
515,516,CTU RTC,https://www.redbus.in/bus-tickets/chandigarh-to-haridwar,Chandigarh to Haridwar,Chandigarh,Haridwar
516,517,CTU RTC,https://www.redbus.in/bus-tickets/chandigarh-to-pathankot,Chandigarh to Pathankot,Chandigarh,Pathankot
517,518,CTU RTC,https://www.redbus.in/bus-tickets/talwara-to-chandigarh,Talwara to Chandigarh,Talwara,Chandigarh
518,519,CTU RTC,https://www.redbus.in/bus-tickets/dehradun-to-chandigarh,Dehradun to Chandigarh,Dehradun,Chandigarh
519,520,CTU RTC,https://www.redbus.in/bus-tickets/amritsar-to-chandigarh,Amritsar to Chandigarh,Amritsar,Chandigarh
520,521,CTU RTC,https://www.redbus.in/bus-tickets/chandigarh-to-rishikesh,Chandigarh to Rishikesh,Chandigarh,Rishikesh
521,522,CTU RTC,https://www.redbus.in/bus-tickets/chandigarh-to-talwara,Chandigarh to Talwara,Chandigarh,Talwara
522,523,CTU RTC,https://www.redbus.in/bus-tickets/chandigarh-to-dinanagar-punjab,Chandigarh to Dinanagar (punjab),Chandigarh,Dinanagar (punjab)
523,524,CTU RTC,https://www.redbus.in/bus-tickets/dinanagar-punjab-to-chandigarh,Dinanagar (punjab) to Chandigarh,Dinanagar (punjab),Chandigarh
524,525,CTU RTC,https://www.redbus.in/bus-tickets/rishikesh-to-chandigarh,Rishikesh to Chandigarh,Rishikesh,Chandigarh
525,526,CTU RTC,https://www.redbus.in/bus-tickets/chandigarh-to-amritsar,Chandigarh to Amritsar,Chandigarh,Amritsar
526,527,CTU RTC,https://www.redbus.in/bus-tickets/chandigarh-to-agra,Chandigarh to Agra,Chandigarh,Agra
527,528,HRTC,https://www.redbus.in/bus-tickets/dharamshala-to-chandigarh,Dharamshala (Himachal Pradesh) to Chandigarh,Dharamshala (Himachal Pradesh),Chandigarh
528,529,CTU RTC,https://www.redbus.in/bus-tickets/chandigarh-to-katra,Chandigarh to Katra (jammu and kashmir),Chandigarh,Katra (jammu and kashmir)
529,530,CTU RTC,https://www.redbus.in/bus-tickets/hisar-haryana-to-chandigarh,Hisar (Haryana) to Chandigarh,Hisar (Haryana),Chandigarh
530,531,CTU RTC,https://www.redbus.in/bus-tickets/rohtak-to-chandigarh,Rohtak to Chandigarh,Rohtak,Chandigarh
531,532,CTU RTC,https://www.redbus.in/bus-tickets/chandigarh-to-una,Chandigarh to Una (Himachal Pradesh),Chandigarh,Una (Himachal Pradesh)
532,533,CTU RTC,https://www.redbus.in/bus-tickets/chandigarh-to-jammu,Chandigarh to Jammu (j and k),Chandigarh,Jammu (j and k)
533,534,CTU RTC,https://www.redbus.in/bus-tickets/chandigarh-to-rohtak,Chandigarh to Rohtak,Chandigarh,Rohtak
534,535,HRTC,https://www.redbus.in/bus-tickets/chandigarh-to-manali,Chandigarh to Manali,Chandigarh,Manali
535,536,CTU RTC,https://www.redbus.in/bus-tickets/chandigarh-to-haldwani,Chandigarh to Haldwani,Chandigarh,Haldwani
536,537,CTU RTC,https://www.redbus.in/bus-tickets/jawala-ji-to-chandigarh,Jawala Ji to Chandigarh,Jawala Ji,Chandigarh
537,538,CTU RTC,https://www.redbus.in/bus-tickets/agra-to-chandigarh,Agra to Chandigarh,Agra,Chandigarh
538,539,CTU RTC,https://www.redbus.in/bus-tickets/jammu-to-chandigarh,Jammu (j and k) to Chandigarh,Jammu (j and k),Chandigarh
539,540,CTU RTC,https://www.redbus.in/bus-tickets/chandigarh-to-hisar-haryana,Chandigarh to Hisar (Haryana),Chandigarh,Hisar (Haryana)
540,541,CTU RTC,https://www.redbus.in/bus-tickets/chandigarh-to-kathgodam,Chandigarh to Kathgodam,Chandigarh,Kathgodam
541,542,CTU RTC,https://www.redbus.in/bus-tickets/haridwar-to-chandigarh,Haridwar to Chandigarh,Haridwar,Chandigarh
542,543,CTU RTC,https://www.redbus.in/bus-tickets/katra-to-chandigarh,Katra (jammu and kashmir) to Chandigarh,Katra (jammu and kashmir),Chandigarh
543,544,CTU RTC,https://www.redbus.in/bus-tickets/baijnath-to-chandigarh,Baijnath to Chandigarh,Baijnath,Chandigarh
544,545,CTU RTC,https://www.redbus.in/bus-tickets/narnaul-to-chandigarh,Narnaul to Chandigarh,Narnaul,Chandigarh
545,546,CTU RTC,https://www.redbus.in/bus-tickets/chandigarh-to-jawala-ji,Chandigarh to Jawala Ji,Chandigarh,Jawala Ji
546,547,JKSRTC,https://www.redbus.in/bus-tickets/jammu-to-srinagar,Jammu (j and k) to Srinagar,Jammu (j and k),Srinagar
547,548,JKSRTC,https://www.redbus.in/bus-tickets/delhi-to-srinagar,Delhi to Srinagar,Delhi,Srinagar
548,549,JKSRTC,https://www.redbus.in/bus-tickets/srinagar-to-jammu,Srinagar to Jammu (j and k),Srinagar,Jammu (j and k)
549,550,JKSRTC,https://www.redbus.in/bus-tickets/jammu-to-haridwar,Jammu (j and k) to Haridwar,Jammu (j and k),Haridwar
550,551,JKSRTC,https://www.redbus.in/bus-tickets/jammu-to-delhi,Jammu (j and k) to Delhi,Jammu (j and k),Delhi
551,552,JKSRTC,https://www.redbus.in/bus-tickets/delhi-to-jammu,Delhi to Jammu (j and k),Delhi,Jammu (j and k)
552,553,JKSRTC,https://www.redbus.in/bus-tickets/katra-to-jammu,Katra (jammu and kashmir) to Jammu (j and k),Katra (jammu and kashmir),Jammu (j and k)
553,554,JKSRTC,https://www.redbus.in/bus-tickets/jammu-to-katra,Jammu (j and k) to Katra (jammu and kashmir),Jammu (j and k),Katra (jammu and kashmir)
554,555,JKSRTC,https://www.redbus.in/bus-tickets/mendhar-j-k-to-jammu,Mendhar (J & K) to Jammu (j and k),Mendhar (J & K),Jammu (j and k)
555,556,JKSRTC,https://www.redbus.in/bus-tickets/jammu-to-poonch,Jammu (j and k) to Poonch,Jammu (j and k),Poonch
556,557,JKSRTC,https://www.redbus.in/bus-tickets/haridwar-to-jammu,Haridwar to Jammu (j and k),Haridwar,Jammu (j and k)
557,558,CTU RTC,https://www.redbus.in/bus-tickets/chandigarh-to-jammu,Chandigarh to Jammu (j and k),Chandigarh,Jammu (j and k)
558,559,JKSRTC,https://www.redbus.in/bus-tickets/jammu-to-kishtwar,Jammu (j and k) to Kishtwar,Jammu (j and k),Kishtwar
559,560,JKSRTC,https://www.redbus.in/bus-tickets/jammu-to-mendhar-j-k,Jammu (j and k) to Mendhar (J & K),Jammu (j and k),Mendhar (J & K)
560,561,JKSRTC,https://www.redbus.in/bus-tickets/jammu-to-amritsar,Jammu (j and k) to Amritsar,Jammu (j and k),Amritsar
561,562,JKSRTC,https://www.redbus.in/bus-tickets/ajmer-to-jammu,Ajmer to Jammu (j and k),Ajmer,Jammu (j and k)
